"date","pd","time","team","g_id","g_last","g_first","a1_id","a1_last","a1_first","a2_id","a2_last","a2_first"
"2016-10-13","1","0:59","WSH",5451,"Burakovsky","Andre",4264,"Backstrom","Nicklas",4882,"Johansson","Marcus"
"2016-10-13","2","8:47","PIT",4523,"Hornqvist","Patric",4030,"Letang","Kris",3652,"Malkin","Evgeni"
"2016-10-13","2","18:52","PIT",3652,"Malkin","Evgeni",5892,"Sheary","Conor",NA,NA,NA
"2016-10-13","3","6:13","WSH",5451,"Burakovsky","Andre",4264,"Backstrom","Nicklas",4300,"Niskanen","Matt"
"2016-10-15","1","11:46","PIT",4905,"Cole","Ian",701,"Daley","Trevor",3652,"Malkin","Evgeni"
"2016-10-15","1","14:13","ANA",4800,"Fowler","Cam",3623,"Getzlaf","Ryan",787,"Kesler","Ryan"
"2016-10-15","2","2:03","PIT",5892,"Sheary","Conor",898,"Kunitz","Chris",257,"Cullen","Matt"
"2016-10-15","2","7:58","PIT",4008,"Kessel","Phil",4523,"Hornqvist","Patric",NA,NA,NA
"2016-10-15","2","10:27","ANA",3626,"Perry","Corey",3623,"Getzlaf","Ryan",NA,NA,NA
"2016-10-17","1","8:57","PIT",4008,"Kessel","Phil",4030,"Letang","Kris",4775,"Bonino","Nick"
"2016-10-17","1","9:33","PIT",257,"Cullen","Matt",898,"Kunitz","Chris",5892,"Sheary","Conor"
"2016-10-17","1","16:27","COL",411,"Iginla","Jarome",5231,"MacKinnon","Nathan",5075,"Barrie","Tyson"
"2016-10-17","1","17:50","COL",4971,"Wiercioch","Patrick",3633,"Bourque","Rene",936,"Tyutin","Fedor"
"2016-10-17","3","9:12","PIT",701,"Daley","Trevor",257,"Cullen","Matt",5118,"Schultz","Justin"
"2016-10-17","3","13:28","COL",4986,"Landeskog","Gabriel",5108,"Grigorenko","Mikhail",4268,"Johnson","Erik"
"2016-10-17","4","0:22","COL",4986,"Landeskog","Gabriel",5231,"MacKinnon","Nathan",4268,"Johnson","Erik"
"2016-10-18","1","0:23","MTL",4603,"Pacioretty","Max",4929,"Petry","Jeff",NA,NA,NA
"2016-10-18","2","12:07","MTL",4739,"Desharnais","David",4603,"Pacioretty","Max",NA,NA,NA
"2016-10-18","3","4:31","MTL",4100,"Radulov","Alexander",5127,"Galchenyuk","Alex",4645,"Montoya","Al"
"2016-10-18","3","13:44","MTL",4739,"Desharnais","David",4929,"Petry","Jeff",206,"Markov","Andrei"
"2016-10-20","2","5:04","SJS",5255,"Hertl","Tomas",4136,"Pavelski","Joe",15,"Burns","Brent"
"2016-10-20","2","16:15","SJS",376,"Marleau","Patrick",4715,"Couture","Logan",NA,NA,NA
"2016-10-20","3","6:47","PIT",3652,"Malkin","Evgeni",NA,NA,NA,NA,NA,NA
"2016-10-20","3","9:01","PIT",5492,"Wilson","Scott",257,"Cullen","Matt",4523,"Hornqvist","Patric"
"2016-10-20","3","14:02","PIT",4523,"Hornqvist","Patric",4008,"Kessel","Phil",3652,"Malkin","Evgeni"
"2016-10-22","1","0:52","PIT",5492,"Wilson","Scott",4523,"Hornqvist","Patric",257,"Cullen","Matt"
"2016-10-22","1","3:08","NSH",5538,"Arvidsson","Viktor",4671,"Subban","P.K.",4869,"Ellis","Ryan"
"2016-10-22","2","2:26","NSH",5438,"Fiala","Kevin",3880,"Carle","Matthew",NA,NA,NA
"2016-10-22","2","10:36","NSH",5352,"Jarnkrok","Calle",4607,"Weber","Yannick",5877,"Saros","Juuse"
"2016-10-22","2","11:32","NSH",5438,"Fiala","Kevin",5210,"Forsberg","Filip",4671,"Subban","P.K."
"2016-10-22","2","19:24","NSH",5538,"Arvidsson","Viktor",440,"Ribeiro","Mike",5210,"Forsberg","Filip"
"2016-10-25","1","18:02","FLO",5092,"Smith","Reilly",5921,"Matheson","Michael",4948,"Sceviour","Colton"
"2016-10-25","2","6:08","FLO",5192,"Pysyk","Mark",10081,"Harper","Shane",5473,"Marchessault","Jonathan"
"2016-10-25","2","13:41","PIT",3490,"Crosby","Sidney",3652,"Malkin","Evgeni",4008,"Kessel","Phil"
"2016-10-25","3","5:36","PIT",5038,"Hagelin","Carl",4775,"Bonino","Nick",NA,NA,NA
"2016-10-25","3","9:42","PIT",3819,"Fehr","Eric",5907,"Kuhnhackl","Tom",257,"Cullen","Matt"
"2016-10-27","1","0:46","PIT",4523,"Hornqvist","Patric",3490,"Crosby","Sidney",4008,"Kessel","Phil"
"2016-10-27","2","15:13","NYI",4915,"Hamonic","Travis",5523,"Prince","Shane",5226,"Nelson","Brock"
"2016-10-27","3","12:48","PIT",3652,"Malkin","Evgeni",4008,"Kessel","Phil",898,"Kunitz","Chris"
"2016-10-27","3","15:38","NYI",5523,"Prince","Shane",5226,"Nelson","Brock",4915,"Hamonic","Travis"
"2016-10-27","3","17:35","PIT",3490,"Crosby","Sidney",5492,"Wilson","Scott",5118,"Schultz","Justin"
"2016-10-27","3","18:07","PIT",4008,"Kessel","Phil",3652,"Malkin","Evgeni",701,"Daley","Trevor"
"2016-10-29","1","9:48","PHI",4497,"Voracek","Jakub",5087,"Manning","Brandon",5185,"Gudas","Radko"
"2016-10-29","1","13:02","PHI",4514,"Simmonds","Wayne",4712,"Schenn","Brayden",5440,"Gostisbehere","Shayne"
"2016-10-29","1","15:44","PIT",3490,"Crosby","Sidney",4523,"Hornqvist","Patric",5492,"Wilson","Scott"
"2016-10-29","1","16:27","PIT",3490,"Crosby","Sidney",4523,"Hornqvist","Patric",4008,"Kessel","Phil"
"2016-10-29","1","16:39","PIT",257,"Cullen","Matt",5907,"Kuhnhackl","Tom",NA,NA,NA
"2016-10-29","2","9:38","PIT",3652,"Malkin","Evgeni",4008,"Kessel","Phil",898,"Kunitz","Chris"
"2016-10-29","2","13:16","PHI",4394,"Giroux","Claude",4514,"Simmonds","Wayne",5185,"Gudas","Radko"
"2016-10-29","3","8:33","PIT",3652,"Malkin","Evgeni",5259,"Maatta","Olli",NA,NA,NA
"2016-11-02","1","7:41","PIT",3652,"Malkin","Evgeni",4008,"Kessel","Phil",898,"Kunitz","Chris"
"2016-11-02","1","10:24","PIT",257,"Cullen","Matt",4731,"Sestito","Tom",3819,"Fehr","Eric"
"2016-11-02","1","15:49","ANA",4800,"Fowler","Cam",5158,"Vatanen","Sami",787,"Kesler","Ryan"
"2016-11-02","2","16:42","PIT",5500,"Rust","Bryan",4775,"Bonino","Nick",4030,"Letang","Kris"
"2016-11-02","3","1:27","PIT",4030,"Letang","Kris",5118,"Schultz","Justin",NA,NA,NA
"2016-11-02","3","7:14","PIT",4523,"Hornqvist","Patric",3490,"Crosby","Sidney",5038,"Hagelin","Carl"
"2016-11-03","1","7:28","PIT",3490,"Crosby","Sidney",4523,"Hornqvist","Patric",4030,"Letang","Kris"
"2016-11-03","2","5:25","LAK",4597,"Lewis","Trevor",4889,"Clifford","Kyle",4512,"Martinez","Alec"
"2016-11-03","3","2:14","LAK",3833,"Greene","Matt",3488,"Carter","Jeff",NA,NA,NA
"2016-11-03","3","9:28","PIT",3490,"Crosby","Sidney",4030,"Letang","Kris",NA,NA,NA
"2016-11-03","4","2:37","LAK",9007,"Dowd","Nic",5292,"Pearson","Tanner",4512,"Martinez","Alec"
"2016-11-05","1","4:22","PIT",898,"Kunitz","Chris",3652,"Malkin","Evgeni",4905,"Cole","Ian"
"2016-11-05","1","18:28","PIT",3490,"Crosby","Sidney",5038,"Hagelin","Carl",5892,"Sheary","Conor"
"2016-11-05","2","0:13","PIT",3490,"Crosby","Sidney",5038,"Hagelin","Carl",5310,"Dumoulin","Brian"
"2016-11-05","2","2:33","PIT",3819,"Fehr","Eric",257,"Cullen","Matt",5892,"Sheary","Conor"
"2016-11-05","2","16:28","PIT",4775,"Bonino","Nick",701,"Daley","Trevor",5038,"Hagelin","Carl"
"2016-11-08","1","1:57","PIT",5892,"Sheary","Conor",5500,"Rust","Bryan",NA,NA,NA
"2016-11-08","1","14:23","EDM",4505,"Eberle","Jordan",5576,"McDavid","Connor",4854,"Maroon","Patrick"
"2016-11-08","1","17:18","EDM",4854,"Maroon","Patrick",5576,"McDavid","Connor",4505,"Eberle","Jordan"
"2016-11-08","2","3:20","EDM",4505,"Eberle","Jordan",5576,"McDavid","Connor",NA,NA,NA
"2016-11-08","2","12:08","PIT",5038,"Hagelin","Carl",4523,"Hornqvist","Patric",701,"Daley","Trevor"
"2016-11-08","3","5:33","PIT",3652,"Malkin","Evgeni",4008,"Kessel","Phil",898,"Kunitz","Chris"
"2016-11-08","3","18:18","PIT",5892,"Sheary","Conor",NA,NA,NA,NA,NA,NA
"2016-11-10","1","7:53","PIT",3490,"Crosby","Sidney",4008,"Kessel","Phil",4030,"Letang","Kris"
"2016-11-10","1","18:09","MIN",5124,"Coyle","Charlie",3714,"Suter","Ryan",247,"Staal","Eric"
"2016-11-10","2","7:33","PIT",4523,"Hornqvist","Patric",4008,"Kessel","Phil",3652,"Malkin","Evgeni"
"2016-11-10","2","9:07","MIN",4868,"Niederreiter","Nino",247,"Staal","Eric",NA,NA,NA
"2016-11-10","3","2:56","MIN",247,"Staal","Eric",5124,"Coyle","Charlie",4868,"Niederreiter","Nino"
"2016-11-10","3","19:30","MIN",855,"Pominville","Jason",4918,"Spurgeon","Jared",NA,NA,NA
"2016-11-12","1","1:22","TOR",5562,"Hyman","Zach",4331,"Hunwick","Matt",5305,"Marincin","Martin"
"2016-11-12","2","3:06","PIT",3652,"Malkin","Evgeni",4030,"Letang","Kris",4523,"Hornqvist","Patric"
"2016-11-12","2","19:42","PIT",898,"Kunitz","Chris",5500,"Rust","Bryan",4905,"Cole","Ian"
"2016-11-12","3","6:58","PIT",5500,"Rust","Bryan",3490,"Crosby","Sidney",5892,"Sheary","Conor"
"2016-11-12","3","10:14","PIT",3490,"Crosby","Sidney",5310,"Dumoulin","Brian",4030,"Letang","Kris"
"2016-11-16","1","7:32","WSH",4547,"Oshie","T.J.",4456,"Beagle","Jay",NA,NA,NA
"2016-11-16","1","17:30","WSH",4264,"Backstrom","Nicklas",4547,"Oshie","T.J.",4300,"Niskanen","Matt"
"2016-11-16","1","19:52","WSH",4547,"Oshie","T.J.",4264,"Backstrom","Nicklas",4735,"Carlson","John"
"2016-11-16","2","5:19","WSH",5036,"Orlov","Dmitry",4882,"Johansson","Marcus",4264,"Backstrom","Nicklas"
"2016-11-16","3","5:37","WSH",196,"Williams","Justin",4547,"Oshie","T.J.",4264,"Backstrom","Nicklas"
"2016-11-16","3","10:26","WSH",3495,"Ovechkin","Alex",5451,"Burakovsky","Andre",NA,NA,NA
"2016-11-16","3","16:28","PIT",4008,"Kessel","Phil",4775,"Bonino","Nick",5118,"Schultz","Justin"
"2016-11-16","3","16:58","WSH",4264,"Backstrom","Nicklas",5269,"Schmidt","Nate",479,"Orpik","Brooks"
"2016-11-18","1","15:19","PIT",3490,"Crosby","Sidney",4030,"Letang","Kris",898,"Kunitz","Chris"
"2016-11-18","2","1:51","NYI",5226,"Nelson","Brock",4997,"Strome","Ryan",4680,"Tavares","John"
"2016-11-18","2","2:34","NYI",5623,"Beauvillier","Anthony",NA,NA,NA,NA,NA,NA
"2016-11-18","2","13:55","PIT",701,"Daley","Trevor",4008,"Kessel","Phil",898,"Kunitz","Chris"
"2016-11-18","4","1:24","PIT",4030,"Letang","Kris",3490,"Crosby","Sidney",4008,"Kessel","Phil"
"2016-11-19","1","8:16","BUF",10174,"Carrier","William",5288,"Fedun","Taylor",NA,NA,NA
"2016-11-19","3","5:46","PIT",3490,"Crosby","Sidney",898,"Kunitz","Chris",3652,"Malkin","Evgeni"
"2016-11-21","1","1:02","PIT",11327,"Guentzel","Jake",4008,"Kessel","Phil",701,"Daley","Trevor"
"2016-11-21","1","13:12","PIT",11327,"Guentzel","Jake",3652,"Malkin","Evgeni",4008,"Kessel","Phil"
"2016-11-21","2","4:51","NYR",319,"Nash","Rick",NA,NA,NA,NA,NA,NA
"2016-11-21","2","14:23","NYR",4688,"Grabner","Michael",4852,"McDonagh","Ryan",NA,NA,NA
"2016-11-21","2","19:11","NYR",5161,"Miller","J.T.",5461,"Hayes","Kevin",NA,NA,NA
"2016-11-21","3","12:46","NYR",5461,"Hayes","Kevin",4852,"McDonagh","Ryan",NA,NA,NA
"2016-11-21","3","18:37","NYR",4885,"Stepan","Derek",319,"Nash","Rick",4688,"Grabner","Michael"
"2016-11-23","1","4:22","NYR",319,"Nash","Rick",5104,"Kreider","Chris",4927,"Zuccarello","Mats"
"2016-11-23","2","2:02","PIT",5492,"Wilson","Scott",4008,"Kessel","Phil",4775,"Bonino","Nick"
"2016-11-23","2","4:58","PIT",3490,"Crosby","Sidney",4905,"Cole","Ian",NA,NA,NA
"2016-11-23","2","10:12","PIT",4008,"Kessel","Phil",4775,"Bonino","Nick",NA,NA,NA
"2016-11-23","2","12:57","PIT",3490,"Crosby","Sidney",4030,"Letang","Kris",NA,NA,NA
"2016-11-23","2","16:42","PIT",5892,"Sheary","Conor",3490,"Crosby","Sidney",5038,"Hagelin","Carl"
"2016-11-23","3","13:05","PIT",257,"Cullen","Matt",5118,"Schultz","Justin",3819,"Fehr","Eric"
"2016-11-25","1","0:40","MIN",5124,"Coyle","Charlie",3502,"Parise","Zach",NA,NA,NA
"2016-11-25","1","8:09","MIN",4868,"Niederreiter","Nino",5123,"Brodin","Jonas",3763,"Koivu","Mikko"
"2016-11-25","1","13:26","PIT",4008,"Kessel","Phil",3652,"Malkin","Evgeni",11327,"Guentzel","Jake"
"2016-11-25","1","19:37","MIN",5124,"Coyle","Charlie",NA,NA,NA,NA,NA,NA
"2016-11-25","2","15:12","MIN",3502,"Parise","Zach",247,"Staal","Eric",3714,"Suter","Ryan"
"2016-11-25","2","18:40","MIN",5126,"Granlund","Mikael",5093,"Zucker","Jason",5123,"Brodin","Jonas"
"2016-11-25","3","5:50","PIT",5500,"Rust","Bryan",5492,"Wilson","Scott",4775,"Bonino","Nick"
"2016-11-25","3","11:25","MIN",4868,"Niederreiter","Nino",5126,"Granlund","Mikael",5123,"Brodin","Jonas"
"2016-11-26","1","3:33","NJD",721,"Cammalleri","Mike",4796,"Palmieri","Kyle",NA,NA,NA
"2016-11-26","2","1:23","PIT",11327,"Guentzel","Jake",3652,"Malkin","Evgeni",701,"Daley","Trevor"
"2016-11-26","2","2:38","PIT",5907,"Kuhnhackl","Tom",3652,"Malkin","Evgeni",5181,"Oleksy","Steve"
"2016-11-26","2","4:00","NJD",353,"Fiddler","Vernon",NA,NA,NA,NA,NA,NA
"2016-11-26","2","9:19","NJD",721,"Cammalleri","Mike",5601,"Zacha","Pavel",4959,"Moore","John"
"2016-11-26","3","19:46","PIT",3490,"Crosby","Sidney",5500,"Rust","Bryan",3652,"Malkin","Evgeni"
"2016-11-30","1","19:47","NYI",4373,"Boychuk","Johnny",4527,"Bailey","Joshua",5226,"Nelson","Brock"
"2016-11-30","2","2:10","NYI",388,"Chimera","Jason",5364,"Mayfield","Scott",5623,"Beauvillier","Anthony"
"2016-11-30","2","17:21","NYI",5083,"Cizikas","Casey",5364,"Mayfield","Scott",3658,"Ladd","Andrew"
"2016-11-30","3","0:32","PIT",5892,"Sheary","Conor",4523,"Hornqvist","Patric",3490,"Crosby","Sidney"
"2016-11-30","3","10:40","PIT",5118,"Schultz","Justin",4905,"Cole","Ian",NA,NA,NA
"2016-11-30","3","13:08","PIT",3652,"Malkin","Evgeni",5310,"Dumoulin","Brian",3490,"Crosby","Sidney"
"2016-11-30","3","19:33","NYI",5199,"Lee","Anders",4511,"Hickey","Thomas",4373,"Boychuk","Johnny"
"2016-11-30","3","19:36","NYI",4549,"Kulemin","Nikolai",5083,"Cizikas","Casey",NA,NA,NA
"2016-12-01","1","8:47","PIT",4905,"Cole","Ian",4008,"Kessel","Phil",5118,"Schultz","Justin"
"2016-12-01","1","11:25","DAL",5850,"Shore","Devin",3733,"Eaves","Patrick",5573,"Johns","Stephen"
"2016-12-01","2","7:43","PIT",4523,"Hornqvist","Patric",3652,"Malkin","Evgeni",3490,"Crosby","Sidney"
"2016-12-01","2","11:21","DAL",4875,"Seguin","Tyler",228,"Spezza","Jason",5484,"Klingberg","John"
"2016-12-01","2","19:38","PIT",3490,"Crosby","Sidney",5892,"Sheary","Conor",4523,"Hornqvist","Patric"
"2016-12-01","3","16:22","PIT",5892,"Sheary","Conor",3490,"Crosby","Sidney",5118,"Schultz","Justin"
"2016-12-01","3","17:14","PIT",3819,"Fehr","Eric",5907,"Kuhnhackl","Tom",4030,"Letang","Kris"
"2016-12-01","3","17:55","PIT",4775,"Bonino","Nick",5492,"Wilson","Scott",4905,"Cole","Ian"
"2016-12-03","1","13:31","DET",309,"Zetterberg","Henrik",5413,"Mantha","Anthony",4864,"Tatar","Tomas"
"2016-12-03","2","8:00","DET",4211,"Nielsen","Frans",5100,"Sheahan","Riley",5203,"DeKeyser","Danny"
"2016-12-03","2","11:00","PIT",4008,"Kessel","Phil",3652,"Malkin","Evgeni",5038,"Hagelin","Carl"
"2016-12-03","2","18:14","DET",5829,"Larkin","Dylan",3632,"Vanek","Thomas",925,"Green","Mike"
"2016-12-03","3","2:05","PIT",4775,"Bonino","Nick",4905,"Cole","Ian",5500,"Rust","Bryan"
"2016-12-03","3","6:28","PIT",5118,"Schultz","Justin",4905,"Cole","Ian",3652,"Malkin","Evgeni"
"2016-12-03","3","10:54","PIT",4008,"Kessel","Phil",5038,"Hagelin","Carl",4030,"Letang","Kris"
"2016-12-03","3","19:19","PIT",257,"Cullen","Matt",4523,"Hornqvist","Patric",3490,"Crosby","Sidney"
"2016-12-05","1","1:45","PIT",5500,"Rust","Bryan",3652,"Malkin","Evgeni",4030,"Letang","Kris"
"2016-12-05","1","8:18","OTT",4420,"Turris","Kyle",5895,"Dzingel","Ryan",5817,"Wideman","Chris"
"2016-12-05","1","8:45","PIT",3490,"Crosby","Sidney",5892,"Sheary","Conor",4905,"Cole","Ian"
"2016-12-05","1","13:44","OTT",4660,"Karlsson","Erik",5105,"Stone","Mark",NA,NA,NA
"2016-12-05","2","1:00","OTT",5105,"Stone","Mark",3661,"Phaneuf","Dion",4660,"Karlsson","Erik"
"2016-12-05","2","7:08","OTT",4426,"Hoffman","Mike",4660,"Karlsson","Erik",5105,"Stone","Mark"
"2016-12-05","2","8:28","PIT",257,"Cullen","Matt",5500,"Rust","Bryan",NA,NA,NA
"2016-12-05","2","14:13","PIT",4008,"Kessel","Phil",5118,"Schultz","Justin",4905,"Cole","Ian"
"2016-12-05","2","14:37","PIT",5118,"Schultz","Justin",3652,"Malkin","Evgeni",4008,"Kessel","Phil"
"2016-12-05","3","1:05","PIT",3652,"Malkin","Evgeni",4008,"Kessel","Phil",NA,NA,NA
"2016-12-05","3","6:17","OTT",3661,"Phaneuf","Dion",4420,"Turris","Kyle",4660,"Karlsson","Erik"
"2016-12-05","3","17:32","PIT",5500,"Rust","Bryan",898,"Kunitz","Chris",5310,"Dumoulin","Brian"
"2016-12-08","1","3:06","PIT",3490,"Crosby","Sidney",4523,"Hornqvist","Patric",5892,"Sheary","Conor"
"2016-12-08","1","4:51","PIT",5892,"Sheary","Conor",3490,"Crosby","Sidney",5118,"Schultz","Justin"
"2016-12-08","1","7:34","PIT",5907,"Kuhnhackl","Tom",5492,"Wilson","Scott",NA,NA,NA
"2016-12-08","2","6:17","FLO",143,"Jagr","Jaromir",5241,"Barkov","Aleksander",4051,"Yandle","Keith"
"2016-12-08","3","5:48","PIT",257,"Cullen","Matt",5492,"Wilson","Scott",5118,"Schultz","Justin"
"2016-12-08","3","19:27","PIT",5038,"Hagelin","Carl",5894,"Murray","Matthew",NA,NA,NA
"2016-12-10","1","12:03","PIT",3490,"Crosby","Sidney",5310,"Dumoulin","Brian",4030,"Letang","Kris"
"2016-12-10","1","17:57","TBL",5230,"Drouin","Jonathan",4311,"Stralman","Anton",5300,"Kucherov","Nikita"
"2016-12-10","2","3:38","TBL",3813,"Filppula","Valtteri",5510,"Nesterov","Nikita",NA,NA,NA
"2016-12-10","2","10:19","TBL",5230,"Drouin","Jonathan",4562,"Garrison","Jason",5136,"Namestnikov","Vladislav"
"2016-12-10","2","17:25","PIT",3652,"Malkin","Evgeni",4008,"Kessel","Phil",4030,"Letang","Kris"
"2016-12-10","3","5:08","PIT",3490,"Crosby","Sidney",4008,"Kessel","Phil",4030,"Letang","Kris"
"2016-12-10","3","8:36","PIT",3652,"Malkin","Evgeni",701,"Daley","Trevor",4008,"Kessel","Phil"
"2016-12-12","1","8:40","PIT",5492,"Wilson","Scott",257,"Cullen","Matt",NA,NA,NA
"2016-12-12","2","4:30","PIT",4775,"Bonino","Nick",NA,NA,NA,NA,NA,NA
"2016-12-12","2","6:58","PIT",701,"Daley","Trevor",NA,NA,NA,NA,NA,NA
"2016-12-12","2","8:30","PIT",5500,"Rust","Bryan",5259,"Maatta","Olli",NA,NA,NA
"2016-12-12","2","15:13","PIT",3490,"Crosby","Sidney",3652,"Malkin","Evgeni",4030,"Letang","Kris"
"2016-12-12","3","1:20","PIT",4008,"Kessel","Phil",3652,"Malkin","Evgeni",5038,"Hagelin","Carl"
"2016-12-12","3","12:26","PIT",5118,"Schultz","Justin",4775,"Bonino","Nick",5892,"Sheary","Conor"
"2016-12-14","1","10:48","BOS",4692,"Marchand","Brad",4179,"Backes","David",78,"Bergeron","Patrice"
"2016-12-14","1","12:49","PIT",5118,"Schultz","Justin",3490,"Crosby","Sidney",5892,"Sheary","Conor"
"2016-12-14","2","6:40","BOS",4224,"Krejci","David",5488,"Schaller","Tim",5437,"Pastrnak","David"
"2016-12-14","2","9:47","PIT",4775,"Bonino","Nick",701,"Daley","Trevor",5894,"Murray","Matthew"
"2016-12-14","3","9:02","PIT",5892,"Sheary","Conor",5310,"Dumoulin","Brian",5118,"Schultz","Justin"
"2016-12-14","3","13:20","BOS",5437,"Pastrnak","David",NA,NA,NA,NA,NA,NA
"2016-12-14","4","1:24","PIT",5500,"Rust","Bryan",3652,"Malkin","Evgeni",5118,"Schultz","Justin"
"2016-12-16","4","1:00","LAK",5191,"Toffoli","Tyler",4512,"Martinez","Alec",5292,"Pearson","Tanner"
"2016-12-17","1","12:51","PIT",3652,"Malkin","Evgeni",5118,"Schultz","Justin",3490,"Crosby","Sidney"
"2016-12-17","1","13:05","TOR",10057,"Zaitsev","Nikita",5599,"Marner","Mitchell",4683,"van Riemsdyk","James"
"2016-12-17","4","2:00","TOR",5006,"Gardiner","Jake",5599,"Marner","Mitchell",NA,NA,NA
"2016-12-20","1","5:55","PIT",3490,"Crosby","Sidney",4905,"Cole","Ian",5118,"Schultz","Justin"
"2016-12-20","1","16:59","NYR",5530,"Puempel","Matt",5922,"Hrivik","Marek",4664,"Holden","Nick"
"2016-12-20","2","4:43","PIT",3652,"Malkin","Evgeni",898,"Kunitz","Chris",4008,"Kessel","Phil"
"2016-12-20","2","8:53","PIT",4008,"Kessel","Phil",3652,"Malkin","Evgeni",5310,"Dumoulin","Brian"
"2016-12-20","3","1:52","NYR",4688,"Grabner","Michael",4885,"Stepan","Derek",4927,"Zuccarello","Mats"
"2016-12-20","3","4:11","PIT",5118,"Schultz","Justin",3652,"Malkin","Evgeni",NA,NA,NA
"2016-12-20","3","6:12","PIT",5500,"Rust","Bryan",3490,"Crosby","Sidney",NA,NA,NA
"2016-12-20","3","12:22","PIT",4523,"Hornqvist","Patric",4775,"Bonino","Nick",898,"Kunitz","Chris"
"2016-12-20","3","19:49","PIT",4775,"Bonino","Nick",5500,"Rust","Bryan",4905,"Cole","Ian"
"2016-12-22","1","2:39","PIT",3490,"Crosby","Sidney",4905,"Cole","Ian",5892,"Sheary","Conor"
"2016-12-22","1","13:01","CBJ",5011,"Atkinson","Cam",4278,"Foligno","Nick",5449,"Wennberg","Alexander"
"2016-12-22","2","10:15","CBJ",5459,"Karlsson","William",4275,"Gagner","Sam",5513,"Anderson","Josh"
"2016-12-22","2","12:20","CBJ",356,"Hartnell","Scott",NA,NA,NA,NA,NA,NA
"2016-12-22","3","2:44","CBJ",356,"Hartnell","Scott",4275,"Gagner","Sam",4254,"Johnson","Jack"
"2016-12-22","3","3:01","CBJ",5014,"Saad","Brandon",5449,"Wennberg","Alexander",4278,"Foligno","Nick"
"2016-12-22","3","3:35","CBJ",5245,"Jenner","Boone",4245,"Dubinsky","Brandon",5243,"Jones","Seth"
"2016-12-22","3","6:24","CBJ",356,"Hartnell","Scott",4245,"Dubinsky","Brandon",5014,"Saad","Brandon"
"2016-12-23","1","11:00","PIT",3490,"Crosby","Sidney",5118,"Schultz","Justin",4008,"Kessel","Phil"
"2016-12-23","2","4:13","PIT",3819,"Fehr","Eric",NA,NA,NA,NA,NA,NA
"2016-12-23","2","13:24","NJD",4796,"Palmieri","Kyle",4959,"Moore","John",4846,"Hall","Taylor"
"2016-12-23","2","19:21","PIT",5209,"Ruhwedel","Chad",898,"Kunitz","Chris",3652,"Malkin","Evgeni"
"2016-12-23","3","12:05","PIT",4523,"Hornqvist","Patric",3652,"Malkin","Evgeni",NA,NA,NA
"2016-12-27","1","1:18","NJD",4231,"Parenteau","Pierre-Alexandre",4846,"Hall","Taylor",NA,NA,NA
"2016-12-27","1","6:43","PIT",3652,"Malkin","Evgeni",3490,"Crosby","Sidney",4008,"Kessel","Phil"
"2016-12-27","1","8:23","NJD",4983,"Henrique","Adam",4796,"Palmieri","Kyle",4032,"Zajac","Travis"
"2016-12-27","2","10:56","PIT",3490,"Crosby","Sidney",5892,"Sheary","Conor",NA,NA,NA
"2016-12-27","2","19:54","PIT",5118,"Schultz","Justin",3652,"Malkin","Evgeni",3490,"Crosby","Sidney"
"2016-12-27","3","3:13","PIT",5038,"Hagelin","Carl",5209,"Ruhwedel","Chad",NA,NA,NA
"2016-12-27","3","18:42","PIT",5500,"Rust","Bryan",4775,"Bonino","Nick",5038,"Hagelin","Carl"
"2016-12-28","1","8:10","CAR",5260,"Lindholm","Elias",5600,"Hanifin","Noah",4996,"Murphy","Ryan"
"2016-12-28","2","0:26","PIT",3490,"Crosby","Sidney",5118,"Schultz","Justin",5892,"Sheary","Conor"
"2016-12-28","2","12:32","CAR",3720,"Stempniak","Lee",5355,"Teravainen","Teuvo",5630,"Aho","Sebastian"
"2016-12-28","3","1:59","PIT",898,"Kunitz","Chris",4008,"Kessel","Phil",4775,"Bonino","Nick"
"2016-12-28","3","15:45","PIT",5038,"Hagelin","Carl",4523,"Hornqvist","Patric",701,"Daley","Trevor"
"2016-12-31","1","4:07","MTL",4100,"Radulov","Alexander",4943,"Byron","Paul",3846,"Weber","Shea"
"2016-12-31","2","1:07","PIT",4523,"Hornqvist","Patric",3652,"Malkin","Evgeni",5038,"Hagelin","Carl"
"2016-12-31","2","4:28","PIT",4008,"Kessel","Phil",5038,"Hagelin","Carl",5259,"Maatta","Olli"
"2016-12-31","2","19:21","MTL",4943,"Byron","Paul",4929,"Petry","Jeff",NA,NA,NA
"2016-12-31","3","2:04","MTL",5177,"Flynn","Brian",5880,"Carr","Daniel",NA,NA,NA
"2016-12-31","3","19:05","PIT",5892,"Sheary","Conor",5118,"Schultz","Justin",4030,"Letang","Kris"
"2016-12-31","4","1:54","PIT",3652,"Malkin","Evgeni",4008,"Kessel","Phil",4030,"Letang","Kris"
"2017-01-08","2","2:19","TBL",5230,"Drouin","Jonathan",3813,"Filppula","Valtteri",4685,"Hedman","Victor"
"2017-01-08","2","6:44","PIT",5892,"Sheary","Conor",5500,"Rust","Bryan",3490,"Crosby","Sidney"
"2017-01-08","2","11:14","PIT",3819,"Fehr","Eric",257,"Cullen","Matt",NA,NA,NA
"2017-01-08","3","2:33","PIT",898,"Kunitz","Chris",5259,"Maatta","Olli",4775,"Bonino","Nick"
"2017-01-08","3","3:28","PIT",5492,"Wilson","Scott",NA,NA,NA,NA,NA,NA
"2017-01-08","3","5:40","TBL",5136,"Namestnikov","Vladislav",5230,"Drouin","Jonathan",4311,"Stralman","Anton"
"2017-01-08","3","7:50","PIT",4008,"Kessel","Phil",3490,"Crosby","Sidney",5892,"Sheary","Conor"
"2017-01-08","3","17:20","PIT",4030,"Letang","Kris",5118,"Schultz","Justin",257,"Cullen","Matt"
"2017-01-11","1","0:35","WSH",3495,"Ovechkin","Alex",4264,"Backstrom","Nicklas",4547,"Oshie","T.J."
"2017-01-11","2","8:06","WSH",3495,"Ovechkin","Alex",4735,"Carlson","John",4264,"Backstrom","Nicklas"
"2017-01-11","3","4:31","WSH",196,"Williams","Justin",5344,"Kuznetsov","Evgeny",5036,"Orlov","Dmitry"
"2017-01-11","3","7:46","PIT",3652,"Malkin","Evgeni",5118,"Schultz","Justin",4008,"Kessel","Phil"
"2017-01-11","3","13:11","WSH",4264,"Backstrom","Nicklas",4547,"Oshie","T.J.",4735,"Carlson","John"
"2017-01-11","3","17:24","PIT",4523,"Hornqvist","Patric",3490,"Crosby","Sidney",4008,"Kessel","Phil"
"2017-01-11","3","19:42","WSH",4723,"Eller","Lars",4264,"Backstrom","Nicklas",4547,"Oshie","T.J."
"2017-01-12","1","5:29","OTT",4270,"Ryan","Bobby",5817,"Wideman","Chris",4354,"Brassard","Derick"
"2017-01-12","1","9:26","OTT",4426,"Hoffman","Mike",4660,"Karlsson","Erik",4420,"Turris","Kyle"
"2017-01-12","2","12:50","OTT",4722,"Pyatt","Tom",4660,"Karlsson","Erik",5207,"Pageau","Jean-Gabriel"
"2017-01-12","2","19:53","PIT",5892,"Sheary","Conor",3652,"Malkin","Evgeni",4905,"Cole","Ian"
"2017-01-12","3","8:59","OTT",5105,"Stone","Mark",4354,"Brassard","Derick",4574,"Smith","Zack"
"2017-01-14","1","0:27","PIT",4030,"Letang","Kris",3490,"Crosby","Sidney",NA,NA,NA
"2017-01-14","2","3:51","PIT",3652,"Malkin","Evgeni",5038,"Hagelin","Carl",NA,NA,NA
"2017-01-14","2","9:01","DET",5026,"Nyquist","Gustav",5272,"Ouellet","Xavier",11592,"Jensen","Nick"
"2017-01-14","2","13:28","DET",3632,"Vanek","Thomas",4419,"Abdelkader","Justin",NA,NA,NA
"2017-01-14","2","17:56","PIT",257,"Cullen","Matt",NA,NA,NA,NA,NA,NA
"2017-01-14","2","19:06","DET",4211,"Nielsen","Frans",925,"Green","Mike",3632,"Vanek","Thomas"
"2017-01-14","3","1:46","DET",5853,"Athanasiou","Andreas",NA,NA,NA,NA,NA,NA
"2017-01-14","3","11:51","DET",925,"Green","Mike",5413,"Mantha","Anthony",5026,"Nyquist","Gustav"
"2017-01-14","3","13:14","DET",309,"Zetterberg","Henrik",5026,"Nyquist","Gustav",5413,"Mantha","Anthony"
"2017-01-16","1","7:06","WSH",5451,"Burakovsky","Andre",4281,"Winnik","Daniel",NA,NA,NA
"2017-01-16","1","17:09","WSH",4264,"Backstrom","Nicklas",4547,"Oshie","T.J.",3495,"Ovechkin","Alex"
"2017-01-16","2","1:17","WSH",196,"Williams","Justin",5344,"Kuznetsov","Evgeny",4882,"Johansson","Marcus"
"2017-01-16","2","6:28","PIT",3652,"Malkin","Evgeni",701,"Daley","Trevor",5118,"Schultz","Justin"
"2017-01-16","2","7:12","PIT",5892,"Sheary","Conor",3490,"Crosby","Sidney",701,"Daley","Trevor"
"2017-01-16","2","8:55","PIT",4775,"Bonino","Nick",5118,"Schultz","Justin",4008,"Kessel","Phil"
"2017-01-16","2","13:47","PIT",5500,"Rust","Bryan",701,"Daley","Trevor",5259,"Maatta","Olli"
"2017-01-16","2","14:37","PIT",3652,"Malkin","Evgeni",11327,"Guentzel","Jake",5118,"Schultz","Justin"
"2017-01-16","2","15:07","WSH",5004,"Connolly","Brett",4504,"Chorney","Taylor",5451,"Burakovsky","Andre"
"2017-01-16","2","16:54","WSH",4723,"Eller","Lars",5269,"Schmidt","Nate",4547,"Oshie","T.J."
"2017-01-16","2","17:19","PIT",3652,"Malkin","Evgeni",4523,"Hornqvist","Patric",3490,"Crosby","Sidney"
"2017-01-16","3","5:55","PIT",3490,"Crosby","Sidney",5892,"Sheary","Conor",5500,"Rust","Bryan"
"2017-01-16","3","9:29","WSH",4547,"Oshie","T.J.",3495,"Ovechkin","Alex",4300,"Niskanen","Matt"
"2017-01-16","3","14:38","WSH",4723,"Eller","Lars",5036,"Orlov","Dmitry",4300,"Niskanen","Matt"
"2017-01-16","4","0:34","PIT",5892,"Sheary","Conor",3490,"Crosby","Sidney",5118,"Schultz","Justin"
"2017-01-18","1","14:52","PIT",4905,"Cole","Ian",3652,"Malkin","Evgeni",4523,"Hornqvist","Patric"
"2017-01-18","2","5:19","PIT",3819,"Fehr","Eric",898,"Kunitz","Chris",5492,"Wilson","Scott"
"2017-01-18","2","17:38","PIT",11327,"Guentzel","Jake",4953,"Gaunce","Cameron",4523,"Hornqvist","Patric"
"2017-01-18","2","18:11","MTL",5494,"Andrighetto","Sven",5017,"Emelin","Alexei",10064,"Lehkonen","Artturi"
"2017-01-18","3","15:36","PIT",5259,"Maatta","Olli",5892,"Sheary","Conor",NA,NA,NA
"2017-01-20","1","12:31","PIT",701,"Daley","Trevor",NA,NA,NA,NA,NA,NA
"2017-01-20","2","6:59","PIT",5038,"Hagelin","Carl",4953,"Gaunce","Cameron",4008,"Kessel","Phil"
"2017-01-20","2","12:28","PIT",5892,"Sheary","Conor",5500,"Rust","Bryan",NA,NA,NA
"2017-01-20","2","12:46","PIT",898,"Kunitz","Chris",3819,"Fehr","Eric",5492,"Wilson","Scott"
"2017-01-20","2","17:29","PIT",4008,"Kessel","Phil",3652,"Malkin","Evgeni",5118,"Schultz","Justin"
"2017-01-20","3","6:37","PIT",3652,"Malkin","Evgeni",11327,"Guentzel","Jake",5118,"Schultz","Justin"
"2017-01-20","3","7:09","CAR",4690,"Stalberg","Viktor",203,"Hainsey","Ron",5866,"Slavin","Jaccob"
"2017-01-20","3","9:05","PIT",5892,"Sheary","Conor",3490,"Crosby","Sidney",5500,"Rust","Bryan"
"2017-01-22","2","0:18","PIT",5500,"Rust","Bryan",3490,"Crosby","Sidney",5892,"Sheary","Conor"
"2017-01-22","2","9:06","PIT",5892,"Sheary","Conor",5500,"Rust","Bryan",3490,"Crosby","Sidney"
"2017-01-22","2","13:49","BOS",4224,"Krejci","David",5437,"Pastrnak","David",4459,"Beleskey","Matt"
"2017-01-22","3","1:40","PIT",4523,"Hornqvist","Patric",5209,"Ruhwedel","Chad",3652,"Malkin","Evgeni"
"2017-01-22","3","2:59","PIT",5892,"Sheary","Conor",5500,"Rust","Bryan",5118,"Schultz","Justin"
"2017-01-22","3","4:37","PIT",3490,"Crosby","Sidney",4008,"Kessel","Phil",3652,"Malkin","Evgeni"
"2017-01-24","1","14:16","STL",5826,"Parayko","Colton",4307,"Perron","David",4548,"Pietrangelo","Alex"
"2017-01-24","2","15:43","STL",4892,"Reaves","Ryan",4901,"Shattenkirk","Kevin",5030,"Bortuzzo","Robert"
"2017-01-24","3","14:33","STL",723,"Upshall","Scottie",4307,"Perron","David",NA,NA,NA
"2017-01-26","1","7:37","PIT",5118,"Schultz","Justin",NA,NA,NA,NA,NA,NA
"2017-01-26","1","11:26","PIT",4008,"Kessel","Phil",3490,"Crosby","Sidney",5118,"Schultz","Justin"
"2017-01-26","2","1:38","BOS",4692,"Marchand","Brad",78,"Bergeron","Patrice",5298,"Miller","Kevan"
"2017-01-26","2","6:27","BOS",4692,"Marchand","Brad",5437,"Pastrnak","David",5632,"Carlo","Brandon"
"2017-01-26","2","10:25","BOS",4810,"Nash","Riley",5098,"Krug","Torey",733,"Moore","Dominic"
"2017-01-26","3","0:51","BOS",78,"Bergeron","Patrice",5437,"Pastrnak","David",5112,"Spooner","Ryan"
"2017-01-26","3","10:35","PIT",4523,"Hornqvist","Patric",898,"Kunitz","Chris",NA,NA,NA
"2017-01-31","1","14:04","NSH",5352,"Jarnkrok","Calle",4676,"Wilson","Colin",5145,"Irwin","Matthew"
"2017-01-31","1","16:19","PIT",898,"Kunitz","Chris",5492,"Wilson","Scott",4905,"Cole","Ian"
"2017-01-31","2","3:10","PIT",701,"Daley","Trevor",5038,"Hagelin","Carl",5492,"Wilson","Scott"
"2017-01-31","2","11:07","PIT",4523,"Hornqvist","Patric",3490,"Crosby","Sidney",5892,"Sheary","Conor"
"2017-01-31","2","16:12","PIT",4523,"Hornqvist","Patric",4775,"Bonino","Nick",4008,"Kessel","Phil"
"2017-01-31","3","3:18","NSH",4676,"Wilson","Colin",850,"Fisher","Mike",5352,"Jarnkrok","Calle"
"2017-02-03","1","13:37","PIT",4008,"Kessel","Phil",5310,"Dumoulin","Brian",701,"Daley","Trevor"
"2017-02-03","1","18:28","PIT",4523,"Hornqvist","Patric",257,"Cullen","Matt",4030,"Letang","Kris"
"2017-02-03","2","15:43","CBJ",4245,"Dubinsky","Brandon",5245,"Jenner","Boone",4254,"Johnson","Jack"
"2017-02-03","2","18:23","PIT",4775,"Bonino","Nick",11327,"Guentzel","Jake",4008,"Kessel","Phil"
"2017-02-03","3","0:29","CBJ",5449,"Wennberg","Alexander",5014,"Saad","Brandon",5243,"Jones","Seth"
"2017-02-03","3","11:20","CBJ",5011,"Atkinson","Cam",4245,"Dubinsky","Brandon",4254,"Johnson","Jack"
"2017-02-03","4","3:15","PIT",4008,"Kessel","Phil",4030,"Letang","Kris",5118,"Schultz","Justin"
"2017-02-04","1","15:50","PIT",3490,"Crosby","Sidney",898,"Kunitz","Chris",NA,NA,NA
"2017-02-04","2","1:34","PIT",4030,"Letang","Kris",11710,"Rowney","Carter",5500,"Rust","Bryan"
"2017-02-04","2","12:02","PIT",5118,"Schultz","Justin",3490,"Crosby","Sidney",898,"Kunitz","Chris"
"2017-02-04","3","10:22","STL",4545,"Berglund","Patrik",5826,"Parayko","Colton",5823,"Edmundson","Joel"
"2017-02-04","3","19:42","PIT",3490,"Crosby","Sidney",NA,NA,NA,NA,NA,NA
"2017-02-07","2","16:19","CGY",5478,"Ferland","Micheal",NA,NA,NA,NA,NA,NA
"2017-02-07","2","18:03","CGY",4507,"Frolik","Michael",9632,"Tkachuk","Matthew",4609,"Backlund","Mikael"
"2017-02-07","3","5:51","PIT",898,"Kunitz","Chris",3490,"Crosby","Sidney",4030,"Letang","Kris"
"2017-02-07","3","15:06","PIT",11327,"Guentzel","Jake",4905,"Cole","Ian",NA,NA,NA
"2017-02-09","1","4:01","PIT",4008,"Kessel","Phil",257,"Cullen","Matt",NA,NA,NA
"2017-02-09","2","3:50","PIT",4523,"Hornqvist","Patric",4008,"Kessel","Phil",5118,"Schultz","Justin"
"2017-02-09","2","18:38","PIT",4523,"Hornqvist","Patric",5118,"Schultz","Justin",NA,NA,NA
"2017-02-09","3","16:44","COL",4986,"Landeskog","Gabriel",5231,"MacKinnon","Nathan",5605,"Rantanen","Mikko"
"2017-02-09","3","19:23","PIT",898,"Kunitz","Chris",257,"Cullen","Matt",NA,NA,NA
"2017-02-11","2","5:41","PIT",5929,"Archibald","Josh",3819,"Fehr","Eric",5907,"Kuhnhackl","Tom"
"2017-02-11","2","6:40","ARI",5482,"Rieder","Tobias",NA,NA,NA,NA,NA,NA
"2017-02-11","2","9:00","ARI",4282,"Hanzal","Martin",250,"Vrbata","Radim",4866,"Ekman-Larsson","Oliver"
"2017-02-11","3","3:36","ARI",4282,"Hanzal","Martin",4866,"Ekman-Larsson","Oliver",5412,"Domi","Max"
"2017-02-11","3","14:38","PIT",5929,"Archibald","Josh",NA,NA,NA,NA,NA,NA
"2017-02-11","3","19:45","PIT",4008,"Kessel","Phil",11327,"Guentzel","Jake",4030,"Letang","Kris"
"2017-02-11","4","4:38","ARI",5293,"Murphy","Connor",4883,"Burmistrov","Alexander",NA,NA,NA
"2017-02-14","2","5:16","PIT",3652,"Malkin","Evgeni",5259,"Maatta","Olli",701,"Daley","Trevor"
"2017-02-14","3","2:27","PIT",11327,"Guentzel","Jake",3490,"Crosby","Sidney",5310,"Dumoulin","Brian"
"2017-02-14","3","14:03","PIT",4008,"Kessel","Phil",3652,"Malkin","Evgeni",5492,"Wilson","Scott"
"2017-02-14","3","18:03","PIT",257,"Cullen","Matt",4775,"Bonino","Nick",4030,"Letang","Kris"
"2017-02-16","1","0:59","PIT",3652,"Malkin","Evgeni",5492,"Wilson","Scott",4523,"Hornqvist","Patric"
"2017-02-16","1","6:28","PIT",898,"Kunitz","Chris",3490,"Crosby","Sidney",4030,"Letang","Kris"
"2017-02-16","2","17:10","WPJ",9628,"Laine","Patrik",4720,"Perreault","Mathieu",5003,"Scheifele","Mark"
"2017-02-16","3","4:22","WPJ",4967,"Postma","Paul",5456,"Lowry","Adam",NA,NA,NA
"2017-02-16","3","8:24","WPJ",3874,"Byfuglien","Dustin",5003,"Scheifele","Mark",NA,NA,NA
"2017-02-16","3","13:55","PIT",4008,"Kessel","Phil",4030,"Letang","Kris",3490,"Crosby","Sidney"
"2017-02-16","4","4:38","PIT",3490,"Crosby","Sidney",3652,"Malkin","Evgeni",4030,"Letang","Kris"
"2017-02-17","2","1:33","CBJ",5115,"Murray","Ryan",5459,"Karlsson","William",5513,"Anderson","Josh"
"2017-02-17","2","6:13","PIT",4905,"Cole","Ian",3652,"Malkin","Evgeni",NA,NA,NA
"2017-02-17","4","1:04","CBJ",4245,"Dubinsky","Brandon",5011,"Atkinson","Cam",5243,"Jones","Seth"
"2017-02-19","1","8:48","DET",11592,"Jensen","Nick",4419,"Abdelkader","Justin",5853,"Athanasiou","Andreas"
"2017-02-19","1","14:09","PIT",5907,"Kuhnhackl","Tom",4030,"Letang","Kris",NA,NA,NA
"2017-02-19","1","16:29","DET",71,"Ott","Steve",5100,"Sheahan","Riley",NA,NA,NA
"2017-02-19","3","0:27","DET",4864,"Tatar","Tomas",309,"Zetterberg","Henrik",5413,"Mantha","Anthony"
"2017-02-19","3","2:16","DET",3632,"Vanek","Thomas",NA,NA,NA,NA,NA,NA
"2017-02-19","3","2:23","PIT",3490,"Crosby","Sidney",11327,"Guentzel","Jake",NA,NA,NA
"2017-02-19","3","19:08","DET",5268,"Glendening","Luke",71,"Ott","Steve",309,"Zetterberg","Henrik"
"2017-02-21","1","2:15","PIT",5492,"Wilson","Scott",4523,"Hornqvist","Patric",257,"Cullen","Matt"
"2017-02-21","1","8:00","CAR",4876,"Skinner","Jeff",3720,"Stempniak","Lee",5881,"Di Giuseppe","Phillipe"
"2017-02-21","2","16:21","PIT",3490,"Crosby","Sidney",4008,"Kessel","Phil",4030,"Letang","Kris"
"2017-02-21","3","9:41","PIT",3652,"Malkin","Evgeni",5038,"Hagelin","Carl",NA,NA,NA
"2017-02-25","1","11:18","PIT",3490,"Crosby","Sidney",11327,"Guentzel","Jake",5492,"Wilson","Scott"
"2017-02-25","2","6:44","PIT",4775,"Bonino","Nick",11327,"Guentzel","Jake",5310,"Dumoulin","Brian"
"2017-02-25","2","11:14","PHI",4497,"Voracek","Jakub",4630,"MacDonald","Andrew",NA,NA,NA
"2017-02-25","3","1:50","PIT",257,"Cullen","Matt",3819,"Fehr","Eric",5907,"Kuhnhackl","Tom"
"2017-02-25","3","6:48","PHI",5440,"Gostisbehere","Shayne",4394,"Giroux","Claude",4712,"Schenn","Brayden"
"2017-02-25","3","14:06","PIT",5209,"Ruhwedel","Chad",3652,"Malkin","Evgeni",NA,NA,NA
"2017-02-28","1","10:04","PIT",3652,"Malkin","Evgeni",4523,"Hornqvist","Patric",5038,"Hagelin","Carl"
"2017-02-28","2","10:40","PIT",11327,"Guentzel","Jake",4905,"Cole","Ian",898,"Kunitz","Chris"
"2017-02-28","3","3:40","DAL",5511,"Ritchie","Brett",5484,"Klingberg","John",5157,"Roussel","Antoine"
"2017-02-28","3","9:41","DAL",228,"Spezza","Jason",4707,"Benn","Jamie",355,"Hamhuis","Dan"
"2017-02-28","3","10:36","DAL",5157,"Roussel","Antoine",5484,"Klingberg","John",NA,NA,NA
"2017-03-01","2","8:49","CHI",4265,"Kane","Patrick",10071,"Schmaltz","Nick",NA,NA,NA
"2017-03-01","2","17:00","PIT",5492,"Wilson","Scott",203,"Hainsey","Ron",NA,NA,NA
"2017-03-01","2","19:36","CHI",5167,"Panik","Richard",3715,"Keith","Duncan",NA,NA,NA
"2017-03-01","3","16:52","CHI",4265,"Kane","Patrick",10071,"Schmaltz","Nick",5811,"Panarin","Artemi"
"2017-03-01","3","19:19","CHI",4265,"Kane","Patrick",NA,NA,NA,NA,NA,NA
"2017-03-03","2","6:18","TBL",11673,"Erne","Adam",5136,"Namestnikov","Vladislav",5370,"Paquette","Cedric"
"2017-03-03","2","8:39","PIT",3652,"Malkin","Evgeni",4008,"Kessel","Phil",5118,"Schultz","Justin"
"2017-03-03","2","16:49","PIT",3652,"Malkin","Evgeni",4008,"Kessel","Phil",4905,"Cole","Ian"
"2017-03-03","3","1:10","TBL",5300,"Kucherov","Nikita",5230,"Drouin","Jonathan",4685,"Hedman","Victor"
"2017-03-03","3","2:38","PIT",3665,"Streit","Mark",3490,"Crosby","Sidney",3652,"Malkin","Evgeni"
"2017-03-03","3","16:37","PIT",5118,"Schultz","Justin",3490,"Crosby","Sidney",3665,"Streit","Mark"
"2017-03-03","3","19:00","PIT",5907,"Kuhnhackl","Tom",4775,"Bonino","Nick",NA,NA,NA
"2017-03-05","1","6:19","BUF",4703,"O'Reilly","Ryan",100,"Gionta","Brian",4656,"Kane","Evander"
"2017-03-05","1","14:53","BUF",100,"Gionta","Brian",4322,"Moulson","Matt",NA,NA,NA
"2017-03-05","1","18:07","BUF",5597,"Eichel","Jack",5055,"Foligno","Marcus",5416,"Reinhart","Sam"
"2017-03-05","2","7:45","PIT",5118,"Schultz","Justin",4008,"Kessel","Phil",3652,"Malkin","Evgeni"
"2017-03-05","2","13:42","PIT",3652,"Malkin","Evgeni",5118,"Schultz","Justin",4523,"Hornqvist","Patric"
"2017-03-05","3","16:14","PIT",11327,"Guentzel","Jake",5892,"Sheary","Conor",4775,"Bonino","Nick"
"2017-03-05","3","17:04","PIT",5892,"Sheary","Conor",5118,"Schultz","Justin",5310,"Dumoulin","Brian"
"2017-03-08","1","4:18","WPJ",4353,"Matthias","Shawn",5456,"Lowry","Adam",5285,"Chiarot","Ben"
"2017-03-08","1","4:43","PIT",4775,"Bonino","Nick",5492,"Wilson","Scott",NA,NA,NA
"2017-03-08","1","9:00","WPJ",5419,"Ehlers","Nikolaj",5232,"Trouba","Jacob",NA,NA,NA
"2017-03-08","1","11:57","PIT",3652,"Malkin","Evgeni",4008,"Kessel","Phil",5310,"Dumoulin","Brian"
"2017-03-08","1","16:10","WPJ",3874,"Byfuglien","Dustin",5003,"Scheifele","Mark",5285,"Chiarot","Ben"
"2017-03-08","2","9:09","PIT",5118,"Schultz","Justin",3490,"Crosby","Sidney",3652,"Malkin","Evgeni"
"2017-03-08","2","9:29","PIT",4775,"Bonino","Nick",5892,"Sheary","Conor",3665,"Streit","Mark"
"2017-03-08","2","10:06","PIT",3652,"Malkin","Evgeni",5038,"Hagelin","Carl",5209,"Ruhwedel","Chad"
"2017-03-08","2","18:21","PIT",4775,"Bonino","Nick",5209,"Ruhwedel","Chad",3665,"Streit","Mark"
"2017-03-08","3","16:02","PIT",11327,"Guentzel","Jake",5209,"Ruhwedel","Chad",5892,"Sheary","Conor"
"2017-03-08","3","18:45","WPJ",5450,"Dano","Marko",5555,"Copp","Andrew",4967,"Postma","Paul"
"2017-03-10","1","5:42","PIT",4775,"Bonino","Nick",5492,"Wilson","Scott",5118,"Schultz","Justin"
"2017-03-10","1","17:25","PIT",3652,"Malkin","Evgeni",NA,NA,NA,NA,NA,NA
"2017-03-10","2","4:55","EDM",4739,"Desharnais","David",5039,"Kassian","Zack",4295,"Russell","Kris"
"2017-03-10","3","12:45","EDM",5576,"McDavid","Connor",4299,"Lucic","Milan",5417,"Draisaitl","Leon"
"2017-03-11","2","16:24","PIT",4905,"Cole","Ian",5907,"Kuhnhackl","Tom",5492,"Wilson","Scott"
"2017-03-11","3","16:54","PIT",11327,"Guentzel","Jake",5892,"Sheary","Conor",3490,"Crosby","Sidney"
"2017-03-11","3","18:45","PIT",5892,"Sheary","Conor",11327,"Guentzel","Jake",3490,"Crosby","Sidney"
"2017-03-13","1","2:54","PIT",5892,"Sheary","Conor",11327,"Guentzel","Jake",3490,"Crosby","Sidney"
"2017-03-13","1","13:48","CGY",4725,"Engelland","Deryk",5200,"Chiasson","Alex",590,"Stajan","Matt"
"2017-03-13","1","15:51","PIT",3652,"Malkin","Evgeni",898,"Kunitz","Chris",4008,"Kessel","Phil"
"2017-03-13","2","1:34","CGY",3672,"Wideman","Dennis",4346,"Versteeg","Kris",5415,"Bennett","Sam"
"2017-03-13","3","5:22","CGY",5383,"Gaudreau","Johnny",4346,"Versteeg","Kris",NA,NA,NA
"2017-03-13","3","16:29","PIT",3490,"Crosby","Sidney",5892,"Sheary","Conor",11327,"Guentzel","Jake"
"2017-03-15","2","1:00","PHI",4995,"Couturier","Sean",4851,"Weise","Dale",4712,"Schenn","Brayden"
"2017-03-15","2","6:20","PHI",4514,"Simmonds","Wayne",5440,"Gostisbehere","Shayne",5602,"Provorov","Ivan"
"2017-03-15","3","15:44","PHI",4394,"Giroux","Claude",5444,"Bellemare","Pierre-Edouard",NA,NA,NA
"2017-03-15","3","19:12","PHI",4851,"Weise","Dale",4712,"Schenn","Brayden",4995,"Couturier","Sean"
"2017-03-17","1","5:35","NJD",4796,"Palmieri","Kyle",4846,"Hall","Taylor",4959,"Moore","John"
"2017-03-17","1","6:37","PIT",4008,"Kessel","Phil",4523,"Hornqvist","Patric",257,"Cullen","Matt"
"2017-03-17","1","13:30","PIT",11327,"Guentzel","Jake",5310,"Dumoulin","Brian",3490,"Crosby","Sidney"
"2017-03-17","1","14:02","NJD",5544,"Noesen","Stefan",5601,"Zacha","Pavel",11473,"Quenneville","John"
"2017-03-17","1","19:45","PIT",3490,"Crosby","Sidney",3665,"Streit","Mark",5118,"Schultz","Justin"
"2017-03-17","2","15:47","PIT",4775,"Bonino","Nick",11710,"Rowney","Carter",5907,"Kuhnhackl","Tom"
"2017-03-17","2","19:09","NJD",5169,"Bennett","Beau",4983,"Henrique","Adam",5299,"Merrill","Jon"
"2017-03-17","3","5:17","PIT",11710,"Rowney","Carter",5907,"Kuhnhackl","Tom",4731,"Sestito","Tom"
"2017-03-17","3","16:29","NJD",4796,"Palmieri","Kyle",5884,"Blandisi","Joseph",NA,NA,NA
"2017-03-17","3","19:26","PIT",3490,"Crosby","Sidney",5892,"Sheary","Conor",NA,NA,NA
"2017-03-19","1","16:14","PIT",4523,"Hornqvist","Patric",4008,"Kessel","Phil",257,"Cullen","Matt"
"2017-03-19","2","14:15","PIT",3490,"Crosby","Sidney",11327,"Guentzel","Jake",5892,"Sheary","Conor"
"2017-03-19","2","16:07","PIT",3490,"Crosby","Sidney",11327,"Guentzel","Jake",5892,"Sheary","Conor"
"2017-03-19","3","5:00","PIT",3490,"Crosby","Sidney",11327,"Guentzel","Jake",5892,"Sheary","Conor"
"2017-03-21","1","19:51","PIT",3490,"Crosby","Sidney",5118,"Schultz","Justin",5892,"Sheary","Conor"
"2017-03-21","3","2:09","BUF",5416,"Reinhart","Sam",9049,"Fasching","Hudson",5055,"Foligno","Marcus"
"2017-03-21","3","14:31","PIT",4775,"Bonino","Nick",4905,"Cole","Ian",5907,"Kuhnhackl","Tom"
"2017-03-21","3","16:29","PIT",5892,"Sheary","Conor",NA,NA,NA,NA,NA,NA
"2017-03-23","2","9:21","PIT",4775,"Bonino","Nick",3665,"Streit","Mark",NA,NA,NA
"2017-03-23","3","9:43","OTT",4426,"Hoffman","Mike",4420,"Turris","Kyle",4660,"Karlsson","Erik"
"2017-03-24","2","1:54","PIT",4953,"Gaunce","Cameron",257,"Cullen","Matt",4008,"Kessel","Phil"
"2017-03-24","2","4:48","NYI",5226,"Nelson","Brock",5435,"Ho-Sang","Joshua",9080,"Quine","Alan"
"2017-03-24","2","9:18","NYI",5199,"Lee","Anders",4527,"Bailey","Joshua",4680,"Tavares","John"
"2017-03-24","2","13:41","PIT",3490,"Crosby","Sidney",5209,"Ruhwedel","Chad",5892,"Sheary","Conor"
"2017-03-24","2","19:55","NYI",5083,"Cizikas","Casey",4680,"Tavares","John",NA,NA,NA
"2017-03-24","3","13:50","PIT",257,"Cullen","Matt",4953,"Gaunce","Cameron",4008,"Kessel","Phil"
"2017-03-26","1","4:31","PIT",257,"Cullen","Matt",898,"Kunitz","Chris",4523,"Hornqvist","Patric"
"2017-03-26","1","19:05","PHI",5831,"Weal","Jordan",4695,"Del Zotto","Michael",5440,"Gostisbehere","Shayne"
"2017-03-26","2","12:49","PHI",3813,"Filppula","Valtteri",5831,"Weal","Jordan",5087,"Manning","Brandon"
"2017-03-26","3","1:11","PHI",4851,"Weise","Dale",5619,"Konecny","Travis",4995,"Couturier","Sean"
"2017-03-26","3","8:41","PHI",4497,"Voracek","Jakub",5005,"Read","Matt",4394,"Giroux","Claude"
"2017-03-26","3","13:36","PIT",4523,"Hornqvist","Patric",5315,"Warsofsky","David",4905,"Cole","Ian"
"2017-03-26","3","17:31","PHI",5185,"Gudas","Radko",4394,"Giroux","Claude",NA,NA,NA
"2017-03-26","3","18:58","PHI",5440,"Gostisbehere","Shayne",4712,"Schenn","Brayden",NA,NA,NA
"2017-03-29","1","3:23","CHI",5811,"Panarin","Artemi",4265,"Kane","Patrick",5846,"Kero","Tanner"
"2017-03-29","1","14:39","CHI",5167,"Panik","Richard",10071,"Schmaltz","Nick",4262,"Toews","Jonathan"
"2017-03-29","1","19:05","CHI",4823,"Kruger","Marcus",4265,"Kane","Patrick",5811,"Panarin","Artemi"
"2017-03-29","1","19:44","CHI",219,"Hossa","Marian",5522,"Hartman","Ryan",NA,NA,NA
"2017-03-29","3","3:32","CHI",5846,"Kero","Tanner",NA,NA,NA,NA,NA,NA
"2017-03-29","3","5:46","PIT",5500,"Rust","Bryan",4905,"Cole","Ian",257,"Cullen","Matt"
"2017-03-31","2","0:39","PIT",11327,"Guentzel","Jake",3490,"Crosby","Sidney",4008,"Kessel","Phil"
"2017-03-31","2","10:46","PIT",3490,"Crosby","Sidney",5892,"Sheary","Conor",203,"Hainsey","Ron"
"2017-03-31","2","19:33","NYR",4664,"Holden","Nick",NA,NA,NA,NA,NA,NA
"2017-03-31","3","6:46","PIT",5500,"Rust","Bryan",4905,"Cole","Ian",NA,NA,NA
"2017-03-31","3","8:50","NYR",319,"Nash","Rick",5161,"Miller","J.T.",4223,"Girardi","Daniel"
"2017-03-31","3","19:48","NYR",5104,"Kreider","Chris",5161,"Miller","J.T.",4664,"Holden","Nick"
"2017-04-02","1","11:28","PIT",11327,"Guentzel","Jake",5209,"Ruhwedel","Chad",4775,"Bonino","Nick"
"2017-04-02","1","13:21","CAR",4876,"Skinner","Jeff",5260,"Lindholm","Elias",11727,"Wallmark","Lucas"
"2017-04-02","2","7:50","PIT",5492,"Wilson","Scott",11710,"Rowney","Carter",NA,NA,NA
"2017-04-02","3","5:07","PIT",5892,"Sheary","Conor",4523,"Hornqvist","Patric",4008,"Kessel","Phil"
"2017-04-02","3","9:38","CAR",5009,"Faulk","Justin",5630,"Aho","Sebastian",5260,"Lindholm","Elias"
"2017-04-04","1","18:51","PIT",11710,"Rowney","Carter",5492,"Wilson","Scott",NA,NA,NA
"2017-04-04","2","9:26","PIT",4523,"Hornqvist","Patric",5907,"Kuhnhackl","Tom",NA,NA,NA
"2017-04-04","2","12:30","PIT",5310,"Dumoulin","Brian",11327,"Guentzel","Jake",3490,"Crosby","Sidney"
"2017-04-04","3","0:33","PIT",11327,"Guentzel","Jake",5118,"Schultz","Justin",3490,"Crosby","Sidney"
"2017-04-04","3","10:20","CBJ",4245,"Dubinsky","Brandon",NA,NA,NA,NA,NA,NA
"2017-04-06","1","4:59","NJD",5544,"Noesen","Stefan",5169,"Bennett","Beau",4893,"Josefson","Jacob"
"2017-04-06","1","14:24","PIT",5500,"Rust","Bryan",4775,"Bonino","Nick",NA,NA,NA
"2017-04-06","1","17:07","PIT",11327,"Guentzel","Jake",4775,"Bonino","Nick",5118,"Schultz","Justin"
"2017-04-06","2","0:10","NJD",4959,"Moore","John",4796,"Palmieri","Kyle",4983,"Henrique","Adam"
"2017-04-06","2","2:09","PIT",5929,"Archibald","Josh",5492,"Wilson","Scott",11710,"Rowney","Carter"
"2017-04-06","2","3:05","PIT",5892,"Sheary","Conor",3490,"Crosby","Sidney",11327,"Guentzel","Jake"
"2017-04-06","2","5:34","NJD",4846,"Hall","Taylor",4218,"Greene","Andy",4032,"Zajac","Travis"
"2017-04-06","2","7:45","PIT",4523,"Hornqvist","Patric",4008,"Kessel","Phil",3490,"Crosby","Sidney"
"2017-04-06","2","18:36","NJD",4796,"Palmieri","Kyle",4032,"Zajac","Travis",NA,NA,NA
"2017-04-06","3","1:56","PIT",257,"Cullen","Matt",5907,"Kuhnhackl","Tom",203,"Hainsey","Ron"
"2017-04-06","3","16:53","PIT",4775,"Bonino","Nick",5310,"Dumoulin","Brian",5209,"Ruhwedel","Chad"
"2017-04-08","1","6:11","PIT",4008,"Kessel","Phil",257,"Cullen","Matt",5907,"Kuhnhackl","Tom"
"2017-04-08","1","6:40","TOR",4683,"van Riemsdyk","James",4686,"Bozak","Tyler",4052,"Polak","Roman"
"2017-04-08","2","3:30","TOR",4686,"Bozak","Tyler",5418,"Nylander","William",5006,"Gardiner","Jake"
"2017-04-08","2","7:55","PIT",3490,"Crosby","Sidney",11327,"Guentzel","Jake",5118,"Schultz","Justin"
"2017-04-08","3","6:51","PIT",11327,"Guentzel","Jake",NA,NA,NA,NA,NA,NA
"2017-04-08","3","14:30","TOR",5428,"Kapanen","Kasperi",4331,"Hunwick","Matt",9627,"Matthews","Auston"
"2017-04-08","3","17:12","TOR",8916,"Brown","Connor",5006,"Gardiner","Jake",4331,"Hunwick","Matt"
"2017-04-08","3","19:56","TOR",9627,"Matthews","Auston",NA,NA,NA,NA,NA,NA
"2017-04-09","1","9:16","PIT",4775,"Bonino","Nick",5732,"Simon","Dominik",4008,"Kessel","Phil"
"2017-04-09","1","13:54","NYR",4852,"McDonagh","Ryan",4688,"Grabner","Michael",NA,NA,NA
"2017-04-09","1","18:31","NYR",4885,"Stepan","Derek",4852,"McDonagh","Ryan",5000,"Zibanejad","Mika"
"2017-04-09","2","13:38","PIT",11710,"Rowney","Carter",NA,NA,NA,NA,NA,NA
"2017-04-09","3","7:23","NYR",10062,"Vesey","Jimmy",5000,"Zibanejad","Mika",NA,NA,NA
